id_usuario,data,pergunta,resposta
1,2026-03-01,Como posso organizar minhas finanças?,Você pode começar anotando seus gastos e separando o essencial do que pode ser reduzido.
1,2026-03-10,Consigo pegar um empréstimo?,Sim. mas o ideal é primeiro organizar suas dívidas antes de assumir novos compromissos.

2,2026-03-02,Estou gastando muito?,Seus gastos estão próximos da sua renda, vale revisar despesas variáveis.
2,2026-03-12,Como posso me organizar melhor?,Criar um controle mensal simples já pode ajudar bastante.

3,2026-03-01,Qual o melhor investimento para mim?,Você pode começar com opções seguras e depois diversificar.
3,2026-03-15,Vale a pena investir mais?,Sim, considerando sua estabilidade financeira, pode ser uma boa estratégia.

4,2026-03-03,Estou endividada, o que faço?,O primeiro passo é mapear suas dívidas e priorizar as com juros maiores.
4,2026-03-18,Posso fazer um empréstimo?,Não é recomendado neste momento, foque em quitar dívidas primeiro.

5,2026-03-01,Quero começar a guardar dinheiro, como faço?,Separe uma pequena quantia todo mês, mesmo que seja pouco.
5,2026-03-15,Preciso investir agora?,Antes de investir, é importante criar uma reserva básica.

6,2026-03-02,Como posso investir melhor?,Você pode diversificar seus investimentos conforme seus objetivos.
6,2026-03-20,Preciso de ajuda com planejamento?,Um planejamento financeiro pode te ajudar a organizar melhor suas metas.

7,2026-03-01,Meu negócio não está organizado, o que faço?,Organizar entradas e saídas do negócio é o primeiro passo.
7,2026-03-18,Posso pegar crédito?,Sim, mas é importante avaliar sua capacidade de pagamento.

8,2026-03-01,Não entendo nada de finanças, por onde começo?,Comece aprendendo conceitos básicos e controlando seus gastos.
8,2026-03-20,Preciso investir?,Antes disso, foque em entender sua renda e despesas.

9,2026-03-02,Estou cheia de dívidas, o que fazer?,Priorize quitar dívidas com juros maiores e evite novos gastos.
9,2026-03-18,Como melhorar minha situação?,Organização financeira e controle de gastos são essenciais.

10,2026-03-01,Quero investir, por onde começo?,Você pode começar com investimentos de baixo risco.
10,2026-03-22,Posso investir mais dinheiro?,Sim, desde que mantenha uma reserva de emergência.

11,2026-03-01,Como organizar meu dinheiro?,Anotar gastos e definir prioridades pode ajudar muito.
11,2026-03-15,Preciso investir?,Antes disso, organize sua base financeira.

12,2026-03-01,Estou gastando demais?,Vale revisar gastos não essenciais.
12,2026-03-20,Quero investir melhor, o que faço?,Diversificar investimentos pode ser uma boa opção.

13,2026-03-01,Tenho dívidas, como sair delas?,Organize suas dívidas e negocie condições melhores.
13,2026-03-18,Posso investir mesmo com dívidas?,O ideal é quitar as dívidas antes.

14,2026-03-01,Quero guardar dinheiro, como começo?,Comece separando uma pequena parte da renda mensal.
14,2026-03-20,Vale a pena investir?,Sim, mas depois de criar uma reserva.

15,2026-03-01,Quero expandir meu negócio, o que faço?,Planeje bem seus custos e avalie necessidade de crédito.
15,2026-03-18,Qual o melhor crédito?,Depende do seu objetivo, mas crédito para negócios pode ser ideal.
